BLS_YEAR;NUM_PART;SIGLA_PARTIDO;NOME_PARTIDO;CRITERIA;ANO_ELEICAO;SIGLA_BLS;IDEOLOGY;IDEO.SE;IDEO.RAW;imputed
1993;11;PPR;PARTIDO PROGRESSISTA REFORMADOR;MP;1994;PP;0.744057386030387;0.03840832494814535;1.1646308940932577;0
1993;12;PDT;PARTIDO DEMOCRATICO TRABALHISTA;MP;1994;PDT;-0.41648797769974766;0.03388047367578763;-0.6353179976037991;0
1993;13;PT;PARTIDO DOS TRABALHADORES;MP;1994;PT;-0.7931093424281263;0.03785637483971588;-1.2443859895829894;0
1993;14;PTB;PARTIDO TRABALHISTA BRASILEIRO;MP;1994;PTB;0.49304759046881863;0.03561696687099119;0.7564359052088342;0
1993;15;PMDB;PARTIDO DO MOVIMENTO DEMOCRATICO BRASILEIRO;MP;1994;MDB;0.00321476929254947;0.0325571035522615;0.01819623696750127;0
1993;16;PSTU;PARTIDO SOCIALISTA DOS TRABALHADORES UNIFICADO;MP;1994;PSTU;-0.7896439416959068;0.04333174184584296;-1.2319310171678453;0
1993;17;PTRB;PARTIDO TRABALHISTA RENOVADOR BRASILEIRO;"AVERAGE PTB + PL/PR (14;22)";1994;NA;0.5729287100799005;0.036608913085841466;0.8875136310135638;1
1993;20;PSC;PARTIDO SOCIAL CRISTAO;"AVERAGE PTB + PL/PR (14;22)";1994;NA;0.5729287100799005;0.036608913085841466;0.8875136310135638;1
1993;21;PCB;PARTIDO COMUNISTA BRASILEIRO;HL;1994;NA;-0.9067530323840528;0.03918916770072232;-1.4527497763020851;1
1993;22;PL;PARTIDO LIBERAL;MP;1994;PL;0.6528098296909824;0.03760085930069175;1.0185913568182936;0
1993;23;PPS;PARTIDO POPULAR SOCIALISTA;MP;1994;CID;-0.5632020545880596;0.034130969670822;-0.8654195991454294;0
1993;25;PFL;PARTIDO DA FRENTE LIBERAL;MP;1994;DEM;0.6824973117565684;0.03673757969327735;1.067322857883251;0
1993;33;PMN;PARTIDO DA MOBILIZACAO NACIONAL;"AVERAGE PTB + PL/PR (14;22)";1994;NA;0.5729287100799005;0.036608913085841466;0.8875136310135638;1
1993;36;PRN;PARTIDO DA RECONSTRUCAO NACIONAL;MP;1994;PRN;0.876825402114752;0.04042916139193232;1.3877945206709963;0
1993;39;PP;PARTIDO PROGRESSISTA;MP;1994;PPold;0.3559822902148411;0.033785089795887;0.5634928749310456;0
1993;40;PSB;PARTIDO SOCIALISTA BRASILEIRO;MP;1994;PSB;-0.7094472449748995;0.03681361317231011;-1.1171771913273305;0
1993;41;PSD;PARTIDO SOCIAL DEMOCRATICO;"AVERAGE PTB + PL/PR (14;22)";1994;NA;0.5729287100799005;0.036608913085841466;0.8875136310135638;1
1993;43;PV;PARTIDO VERDE;"AVERAGE PDT + PSB (12;40)";1994;NA;-0.5629676113373236;0.035347043424048874;-0.8762475944655648;1
1993;44;PRP;PARTIDO REPUBLICANO PROGRESSISTA;"AVERAGE PTB + PL/PR (14;22)";1994;NA;0.5729287100799005;0.036608913085841466;0.8875136310135638;1
1993;45;PSDB;PARTIDO DA SOCIAL DEMOCRACIA BRASILEIRA;MP;1994;PSDB;-0.19674109156475375;0.03249119738973447;-0.26178293198478275;0
1993;56;PRONA;PARTIDO DA REEDIFICACAO DA ORDEM NACIONAL;"AVERAGE PTB + PL/PR (14;22)";1994;NA;0.5729287100799005;0.036608913085841466;0.8875136310135638;1
1993;65;PC DO B;PARTIDO COMUNISTA DO BRASIL;MP;1994;PCDOB;-0.9067530323840528;0.03918916770072232;-1.4527497763020851;0
1993;70;PT do B;PARTIDO TRABALHISTA DO BRASIL;"AVERAGE PTB + PL/PR (14;22)";1994;NA;0.5729287100799005;0.036608913085841466;0.8875136310135638;1
1997;11;PPB;PARTIDO PROGRESSISTA BRASILEIRO;MP;1996;PP;0.8614734616004722;0.04220456335247379;1.437806996111038;0
1997;12;PDT;PARTIDO DEMOCRATICO TRABALHISTA;MP;1996;PDT;-0.5099227083821211;0.03451694673139705;-0.7337372825643397;0
1997;13;PT;PARTIDO DOS TRABALHADORES;MP;1996;PT;-0.8469714402760011;0.03979089044228042;-1.2961990484562558;0
1997;14;PTB;PARTIDO TRABALHISTA BRASILEIRO;MP;1996;PTB;0.5855012572293684;0.03821231610741483;0.9696454412458196;0
1997;15;PMDB;PARTIDO DO MOVIMENTO DEMOCRATICO BRASILEIRO;MP;1996;MDB;0.084490323662335165;0.03340802472895381;0.20347868971893376;0
1997;16;PSTU;PARTIDO SOCIALISTA DOS TRABALHADORES UNIFICADO;HL;1996;NA;-0.9321992680689568;0.04073597116319012;-1.4361952838321197;1
1997;17;PSL;PARTIDO SOCIAL LIBERAL;"AVERAGE PTB + PL/PR (14;22)";1996;NA;0.6136324795084553;0.0380562395755482;1.0144462827659058;1
1997;18;PST;PARTIDO SOCIAL TRABALHISTA;"AVERAGE PTB + PL/PR (14;22)";1996;NA;0.6136324795084553;0.0380562395755482;1.0144462827659058;1
1997;19;PTN;PARTIDO TRABALHISTA NACIONAL;"AVERAGE PTB + PL/PR (14;22)";1996;NA;0.6136324795084553;0.0380562395755482;1.0144462827659058;1
1997;20;PSC;PARTIDO SOCIAL CRISTAO;"AVERAGE PTB + PL/PR (14;22)";1996;NA;0.6136324795084553;0.0380562395755482;1.0144462827659058;1
1997;21;PCB;PARTIDO COMUNISTA BRASILEIRO;HL;1996;NA;-0.9321992680689568;0.04073597116319012;-1.4361952838321197;1
1997;22;PL;PARTIDO LIBERAL;MP;1996;PL;0.6417637017875422;0.03790016304368156;1.0592471242859918;0
1997;23;PPS;PARTIDO POPULAR SOCIALISTA;MP;1996;CID;-0.5776449287320156;0.03647410780776922;-0.8419480901154979;0
1997;25;PFL;PARTIDO DA FRENTE LIBERAL;MP;1996;DEM;0.7995378697223148;0.04166359239654565;1.322567966763225;0
1997;26;PAN;PARTIDO DOS APOSENTADOS DA NACAO;"AVERAGE PTB + PL/PR (14;22)";1996;NA;0.6136324795084553;0.0380562395755482;1.0144462827659058;1
1997;27;PSDC;PARTIDO SOCIAL DEMOCRATA CRISTAO;"AVERAGE PTB + PL/PR (14;22)";1996;NA;0.6136324795084553;0.0380562395755482;1.0144462827659058;1
1997;28;PRTB;PARTIDO RENOVADOR TRABALHISTA BRASILEIRO;"AVERAGE PTB + PL/PR (14;22)";1996;NA;0.6136324795084553;0.0380562395755482;1.0144462827659058;1
1997;29;PCO;PARTIDO DA CAUSA OPERARIA;HL;1996;NA;-0.9321992680689568;0.04073597116319012;-1.4361952838321197;1
1997;30;PGT;PARTIDO GERAL DOS TRABALHADORES;"AVERAGE PTB + PL/PR (14;22)";1996;NA;0.6136324795084553;0.0380562395755482;1.0144462827659058;1
1997;31;PSN;PARTIDO SOLIDARISTA NACIONAL;"AVERAGE PDT + PSB (12;40)";1996;NA;-0.5703302578598807;0.035781752924848934;-0.8362351231181366;1
1997;33;PMN;PARTIDO DA MOBILIZACAO NACIONAL;"AVERAGE PTB + PL/PR (14;22)";1996;NA;0.6136324795084553;0.0380562395755482;1.0144462827659058;1
1997;36;PRN;PARTIDO DA RECONSTRUCAO NACIONAL;"AVERAGE PTB + PL/PR (14;22)";1996;NA;0.6136324795084553;0.0380562395755482;1.0144462827659058;1
1997;40;PSB;PARTIDO SOCIALISTA BRASILEIRO;MP;1996;PSB;-0.6307378073376403;0.03704655911830082;-0.9387329636719336;0
1997;41;PSD;PARTIDO SOCIAL DEMOCRATICO;"AVERAGE PTB + PL/PR (14;22)";1996;NA;0.6136324795084553;0.0380562395755482;1.0144462827659058;1
1997;43;PV;PARTIDO VERDE;"AVERAGE PDT + PSB (12;40)";1996;NA;-0.5703302578598807;0.035781752924848934;-0.8362351231181366;1
1997;44;PRP;PARTIDO REPUBLICANO PROGRESSISTA;"AVERAGE PTB + PL/PR (14;22)";1996;NA;0.6136324795084553;0.0380562395755482;1.0144462827659058;1
1997;45;PSDB;PARTIDO DA SOCIAL DEMOCRACIA BRASILEIRA;MP;1996;PSDB;0.18252543449793143;0.0345099635059163;0.36980110827093254;0
1997;56;PRONA;PARTIDO DA REEDIFICACAO DA ORDEM NACIONAL;"AVERAGE PTB + PL/PR (14;22)";1996;NA;0.6136324795084553;0.0380562395755482;1.0144462827659058;1
1997;65;PC DO B;PARTIDO COMUNISTA DO BRASIL;MP;1996;PCDOB;-0.9321992680689568;0.04073597116319012;-1.4361952838321197;0
1997;70;PT do B;PARTIDO TRABALHISTA DO BRASIL;"AVERAGE PTB + PL/PR (14;22)";1996;NA;0.6136324795084553;0.0380562395755482;1.0144462827659058;1
1997;11;PPB;PARTIDO PROGRESSISTA BRASILEIRO;MP;1998;PP;0.8614734616004722;0.04220456335247379;1.437806996111038;0
1997;12;PDT;PARTIDO DEMOCRÁTICO TRABALHISTA;MP;1998;PDT;-0.5099227083821211;0.03451694673139705;-0.7337372825643397;0
1997;13;PT;PARTIDO DOS TRABALHADORES;MP;1998;PT;-0.8469714402760011;0.03979089044228042;-1.2961990484562558;0
1997;14;PTB;PARTIDO TRABALHISTA BRASILEIRO;MP;1998;PTB;0.5855012572293684;0.03821231610741483;0.9696454412458196;0
1997;15;PMDB;PARTIDO DO MOVIMENTO DEMOCRÁTICO BRASILEIRO;MP;1998;MDB;0.084490323662335165;0.03340802472895381;0.20347868971893376;0
1997;16;PSTU;PARTIDO SOCIALISTA DOS TRABALHADORES UNIFICADO;HL;1998;NA;-0.9321992680689568;0.04073597116319012;-1.4361952838321197;1
1997;17;PSL;PARTIDO SOCIAL LIBERAL;"AVERAGE PTB + PL/PR (14;22)";1998;NA;0.6136324795084553;0.0380562395755482;1.0144462827659058;1
1997;18;PST;PARTIDO SOCIAL TRABALHISTA;"AVERAGE PTB + PL/PR (14;22)";1998;NA;0.6136324795084553;0.0380562395755482;1.0144462827659058;1
1997;19;PTN;PARTIDO TRABALHISTA NACIONAL;"AVERAGE PTB + PL/PR (14;22)";1998;NA;0.6136324795084553;0.0380562395755482;1.0144462827659058;1
1997;20;PSC;PARTIDO SOCIAL CRISTÃO;"AVERAGE PTB + PL/PR (14;22)";1998;NA;0.6136324795084553;0.0380562395755482;1.0144462827659058;1
1997;21;PCB;PARTIDO COMUNISTA BRASILEIRO;HL;1998;NA;-0.9321992680689568;0.04073597116319012;-1.4361952838321197;1
1997;22;PL;PARTIDO LIBERAL;MP;1998;PL;0.6417637017875422;0.03790016304368156;1.0592471242859918;0
1997;23;PPS;PARTIDO POPULAR SOCIALISTA;MP;1998;CID;-0.5776449287320156;0.03647410780776922;-0.8419480901154979;0
1997;25;PFL;PARTIDO DA FRENTE LIBERAL;MP;1998;DEM;0.7995378697223148;0.04166359239654565;1.322567966763225;0
1997;26;PAN;PARTIDO DOS APOSENTADOS DA NAÇÃO;"AVERAGE PTB + PL/PR (14;22)";1998;NA;0.6136324795084553;0.0380562395755482;1.0144462827659058;1
1997;27;PSDC;PARTIDO SOCIAL DEMOCRATA CRISTÃO;"AVERAGE PTB + PL/PR (14;22)";1998;NA;0.6136324795084553;0.0380562395755482;1.0144462827659058;1
1997;28;PRTB;PARTIDO RENOVADOR TRABALHISTA BRASILEIRO;"AVERAGE PTB + PL/PR (14;22)";1998;NA;0.6136324795084553;0.0380562395755482;1.0144462827659058;1
1997;29;PCO;PARTIDO DA CAUSA OPERÁRIA;HL;1998;NA;-0.9321992680689568;0.04073597116319012;-1.4361952838321197;1
1997;30;PGT;PARTIDO GERAL DOS TRABALHADORES;"AVERAGE PTB + PL/PR (14;22)";1998;NA;0.6136324795084553;0.0380562395755482;1.0144462827659058;1
1997;31;PSN;PARTIDO DA SOLIDARIEDADE NACIONAL;"AVERAGE PDT + PSB (12;40)";1998;NA;-0.5703302578598807;0.035781752924848934;-0.8362351231181366;1
1997;33;PMN;PARTIDO DA MOBILIZAÇÃO NACIONAL;"AVERAGE PTB + PL/PR (14;22)";1998;NA;0.6136324795084553;0.0380562395755482;1.0144462827659058;1
1997;36;PRN;PARTIDO DA RECONSTRUÇÃO NACIONAL;"AVERAGE PTB + PL/PR (14;22)";1998;NA;0.6136324795084553;0.0380562395755482;1.0144462827659058;1
1997;40;PSB;PARTIDO SOCIALISTA BRASILEIRO;MP;1998;PSB;-0.6307378073376403;0.03704655911830082;-0.9387329636719336;0
1997;41;PSD;PARTIDO SOCIAL DEMOCRÁTICO;"AVERAGE PTB + PL/PR (14;22)";1998;NA;0.6136324795084553;0.0380562395755482;1.0144462827659058;1
1997;43;PV;PARTIDO VERDE;"AVERAGE PDT + PSB (12;40)";1998;NA;-0.5703302578598807;0.035781752924848934;-0.8362351231181366;1
1997;44;PRP;PARTIDO REPUBLICANO PROGRESSISTA;"AVERAGE PTB + PL/PR (14;22)";1998;NA;0.6136324795084553;0.0380562395755482;1.0144462827659058;1
1997;45;PSDB;PARTIDO DA SOCIAL DEMOCRACIA BRASILEIRA;MP;1998;PSDB;0.18252543449793143;0.0345099635059163;0.36980110827093254;0
1997;56;PRONA;PARTIDO DA REEDIFICAÇÃO DA ORDEM NACIONAL;"AVERAGE PTB + PL/PR (14;22)";1998;NA;0.6136324795084553;0.0380562395755482;1.0144462827659058;1
1997;65;PC do B;PARTIDO COMUNISTA DO BRASIL;MP;1998;PCDOB;-0.9321992680689568;0.04073597116319012;-1.4361952838321197;0
1997;70;PT do B;PARTIDO TRABALHISTA DO BRASIL;"AVERAGE PTB + PL/PR (14;22)";1998;NA;0.6136324795084553;0.0380562395755482;1.0144462827659058;1
2001;11;PPB;PARTIDO PROGRESSISTA BRASILEIRO;MP;2000;PP;0.7925851188179445;0.0408298860810618;1.5044429373055654;0
2001;12;PDT;PARTIDO DEMOCRÁTICO TRABALHISTA;MP;2000;PDT;-0.4665159775019451;0.0357288254243529;-0.6585620830554343;0
2001;13;PT;PARTIDO DOS TRABALHADORES;MP;2000;PT;-0.7647546034131166;0.03863545812100031;-1.1940767405697923;0
2001;14;PTB;PARTIDO TRABALHISTA BRASILEIRO;MP;2000;PTB;0.4667734277051066;0.03679281962627434;0.8852678929116795;0
2001;15;PMDB;PARTIDO DO MOVIMENTO DEMOCRÁTICO BRASILEIRO;MP;2000;MDB;0.16115267699926492;0.03397960443242198;0.401714645661764;0
2001;16;PSTU;PARTIDO SOCIALISTA DOS TRABALHADORES UNIFICADO;HL;2000;NA;-0.8690282211075437;0.04031657716071409;-1.40056246782812;1
2001;17;PSL;PARTIDO SOCIAL LIBERAL;"AVERAGE PTB + PL/PR (14;22)";2000;NA;0.44992593671671266;0.03618983067493458;0.8780201595672975;1
2001;18;PST;PARTIDO SOCIAL TRABALHISTA;"AVERAGE PTB + PL/PR (14;22)";2000;NA;0.44992593671671266;0.03618983067493458;0.8780201595672975;1
2001;19;PTN;PARTIDO TRABALHISTA NACIONAL;"AVERAGE PTB + PL/PR (14;22)";2000;NA;0.44992593671671266;0.03618983067493458;0.8780201595672975;1
2001;20;PSC;PARTIDO SOCIAL CRISTÃO;"AVERAGE PTB + PL/PR (14;22)";2000;NA;0.44992593671671266;0.03618983067493458;0.8780201595672975;1
2001;21;PCB;PARTIDO COMUNISTA BRASILEIRO;HL;2000;NA;-0.8690282211075437;0.04031657716071409;-1.40056246782812;1
2001;22;PL;PARTIDO LIBERAL;MP;2000;PL;0.4330784457283188;0.03558684172359482;0.8707724262229155;0
2001;23;PPS;PARTIDO POPULAR SOCIALISTA;MP;2000;CID;-0.3761088480345902;0.03423419785711613;-0.5271521979420293;0
2001;25;PFL;PARTIDO DA FRENTE LIBERAL;MP;2000;DEM;0.7201702715259768;0.03896259933330191;1.3552595963839174;0
2001;26;PAN;PARTIDO DOS APOSENTADOS DA NAÇÃO;"AVERAGE PTB + PL/PR (14;22)";2000;NA;0.44992593671671266;0.03618983067493458;0.8780201595672975;1
2001;27;PSDC;PARTIDO SOCIAL DEMOCRATA CRISTÃO;"AVERAGE PTB + PL/PR (14;22)";2000;NA;0.44992593671671266;0.03618983067493458;0.8780201595672975;1
2001;28;PRTB;PARTIDO RENOVADOR TRABALHISTA BRASILEIRO;"AVERAGE PTB + PL/PR (14;22)";2000;NA;0.44992593671671266;0.03618983067493458;0.8780201595672975;1
2001;29;PCO;PARTIDO DA CAUSA OPERÁRIA;HL;2000;NA;-0.8690282211075437;0.04031657716071409;-1.40056246782812;1
2001;30;PGT;PARTIDO GERAL DOS TRABALHADORES;"AVERAGE PTB + PL/PR (14;22)";2000;NA;0.44992593671671266;0.03618983067493458;0.8780201595672975;1
2001;31;PHS;PARTIDO HUMANISTA DA SOLIDARIEDADE;"AVERAGE PDT + PSB (12;40)";2000;NA;-0.5357706750100324;0.035933028064736375;-0.7835791964655084;1
2001;33;PMN;PARTIDO DA MOBILIZAÇÃO NACIONAL;"AVERAGE PTB + PL/PR (14;22)";2000;NA;0.44992593671671266;0.03618983067493458;0.8780201595672975;1
2001;36;PRN;PARTIDO DA RECONSTRUÇÃO NACIONAL;"AVERAGE PTB + PL/PR (14;22)";2000;NA;0.44992593671671266;0.03618983067493458;0.8780201595672975;1
2001;40;PSB;PARTIDO SOCIALISTA BRASILEIRO;MP;2000;PSB;-0.6050253725181196;0.03613723070511985;-0.9085963098755826;0
2001;41;PSD;PARTIDO SOCIAL DEMOCRÁTICO;"AVERAGE PTB + PL/PR (14;22)";2000;NA;0.44992593671671266;0.03618983067493458;0.8780201595672975;1
2001;43;PV;PARTIDO VERDE;"AVERAGE PDT + PSB (12;40)";2000;NA;-0.5357706750100324;0.035933028064736375;-0.7835791964655084;1
2001;44;PRP;PARTIDO REPUBLICANO PROGRESSISTA;"AVERAGE PTB + PL/PR (14;22)";2000;NA;0.44992593671671266;0.03618983067493458;0.8780201595672975;1
2001;45;PSDB;PARTIDO DA SOCIAL DEMOCRACIA BRASILEIRA;MP;2000;PSDB;0.1901473388204772;0.03456542696305012;0.44974928620565857;0
2001;56;PRONA;PARTIDO DA REEDIFICAÇÃO DA ORDEM NACIONAL;"AVERAGE PTB + PL/PR (14;22)";2000;NA;0.44992593671671266;0.03618983067493458;0.8780201595672975;1
2001;65;PC do B;PARTIDO COMUNISTA DO BRASIL;MP;2000;PCDOB;-0.8690282211075437;0.04031657716071409;-1.40056246782812;0
2001;70;PT do B;PARTIDO TRABALHISTA DO BRASIL;"AVERAGE PTB + PL/PR (14;22)";2000;NA;0.44992593671671266;0.03618983067493458;0.8780201595672975;1
2001;11;PPB;PARTIDO PROGRESSISTA BRASILEIRO;MP;2002;PP;0.7925851188179445;0.0408298860810618;1.5044429373055654;0
2001;12;PDT;PARTIDO DEMOCRÁTICO TRABALHISTA;MP;2002;PDT;-0.4665159775019451;0.0357288254243529;-0.6585620830554343;0
2001;13;PT;PARTIDO DOS TRABALHADORES;MP;2002;PT;-0.7647546034131166;0.03863545812100031;-1.1940767405697923;0
2001;14;PTB;PARTIDO TRABALHISTA BRASILEIRO;MP;2002;PTB;0.4667734277051066;0.03679281962627434;0.8852678929116795;0
2001;15;PMDB;PARTIDO DO MOVIMENTO DEMOCRÁTICO BRASILEIRO;MP;2002;MDB;0.16115267699926492;0.03397960443242198;0.401714645661764;0
2001;16;PSTU;PARTIDO SOCIALISTA DOS TRABALHADORES UNIFICADO;HL;2002;NA;-0.8690282211075437;0.04031657716071409;-1.40056246782812;1
2001;17;PSL;PARTIDO SOCIAL LIBERAL;"AVERAGE PTB + PL/PR (14;22)";2002;NA;0.44992593671671266;0.03618983067493458;0.8780201595672975;1
2001;18;PST;PARTIDO SOCIAL TRABALHISTA;"AVERAGE PTB + PL/PR (14;22)";2002;NA;0.44992593671671266;0.03618983067493458;0.8780201595672975;1
2001;19;PTN;PARTIDO TRABALHISTA NACIONAL;"AVERAGE PTB + PL/PR (14;22)";2002;NA;0.44992593671671266;0.03618983067493458;0.8780201595672975;1
2001;20;PSC;PARTIDO SOCIAL CRISTÃO;"AVERAGE PTB + PL/PR (14;22)";2002;NA;0.44992593671671266;0.03618983067493458;0.8780201595672975;1
2001;21;PCB;PARTIDO COMUNISTA BRASILEIRO;HL;2002;NA;-0.8690282211075437;0.04031657716071409;-1.40056246782812;1
2001;22;PL;PARTIDO LIBERAL;MP;2002;PL;0.4330784457283188;0.03558684172359482;0.8707724262229155;0
2001;23;PPS;PARTIDO POPULAR SOCIALISTA;MP;2002;CID;-0.3761088480345902;0.03423419785711613;-0.5271521979420293;0
2001;25;PFL;PARTIDO DA FRENTE LIBERAL;MP;2002;DEM;0.7201702715259768;0.03896259933330191;1.3552595963839174;0
2001;26;PAN;PARTIDO DOS APOSENTADOS DA NAÇÃO;"AVERAGE PTB + PL/PR (14;22)";2002;NA;0.44992593671671266;0.03618983067493458;0.8780201595672975;1
2001;27;PSDC;PARTIDO SOCIAL DEMOCRATA CRISTÃO;"AVERAGE PTB + PL/PR (14;22)";2002;NA;0.44992593671671266;0.03618983067493458;0.8780201595672975;1
2001;28;PRTB;PARTIDO RENOVADOR TRABALHISTA BRASILEIRO;"AVERAGE PTB + PL/PR (14;22)";2002;NA;0.44992593671671266;0.03618983067493458;0.8780201595672975;1
2001;29;PCO;PARTIDO DA CAUSA OPERÁRIA;HL;2002;NA;-0.8690282211075437;0.04031657716071409;-1.40056246782812;1
2001;30;PGT;PARTIDO GERAL DOS TRABALHADORES;"AVERAGE PTB + PL/PR (14;22)";2002;NA;0.44992593671671266;0.03618983067493458;0.8780201595672975;1
2001;31;PHS;PARTIDO DA HUMANISTA DA SOLIDARIEDADE;"AVERAGE PDT + PSB (12;40)";2002;NA;-0.5357706750100324;0.035933028064736375;-0.7835791964655084;1
2001;33;PMN;PARTIDO DA MOBILIZAÇÃO NACIONAL;"AVERAGE PTB + PL/PR (14;22)";2002;NA;0.44992593671671266;0.03618983067493458;0.8780201595672975;1
2001;36;PTC;PARTIDO TRABALHISTA CRISTÃO;"AVERAGE PTB + PL/PR (14;22)";2002;NA;0.44992593671671266;0.03618983067493458;0.8780201595672975;1
2001;40;PSB;PARTIDO SOCIALISTA BRASILEIRO;MP;2002;PSB;-0.6050253725181196;0.03613723070511985;-0.9085963098755826;0
2001;41;PSD;PARTIDO SOCIAL DEMOCRÁTICO;"AVERAGE PTB + PL/PR (14;22)";2002;NA;0.44992593671671266;0.03618983067493458;0.8780201595672975;1
2001;43;PV;PARTIDO VERDE;"AVERAGE PDT + PSB (12;40)";2002;NA;-0.5357706750100324;0.035933028064736375;-0.7835791964655084;1
2001;44;PRP;PARTIDO REPUBLICANO PROGRESSISTA;"AVERAGE PTB + PL/PR (14;22)";2002;NA;0.44992593671671266;0.03618983067493458;0.8780201595672975;1
2001;45;PSDB;PARTIDO DA SOCIAL DEMOCRACIA BRASILEIRA;MP;2002;PSDB;0.1901473388204772;0.03456542696305012;0.44974928620565857;0
2001;56;PRONA;PARTIDO DA REEDIFICAÇÃO DA ORDEM NACIONAL;"AVERAGE PTB + PL/PR (14;22)";2002;NA;0.44992593671671266;0.03618983067493458;0.8780201595672975;1
2001;65;PC do B;PARTIDO COMUNISTA DO BRASIL;MP;2002;PCDOB;-0.8690282211075437;0.04031657716071409;-1.40056246782812;0
2001;70;PT do B;PARTIDO TRABALHISTA DO BRASIL;"AVERAGE PTB + PL/PR (14;22)";2002;NA;0.44992593671671266;0.03618983067493458;0.8780201595672975;1
2005;11;PP;PARTIDO PROGRESSISTA;MP;2004;PP;0.6908803445167995;0.0433653887874696;1.1490367351478716;0
2005;12;PDT;PARTIDO DEMOCRÁTICO TRABALHISTA;MP;2004;PDT;-0.31235058789091724;0.03858167250086757;-0.3991393329660623;0
2005;13;PT;PARTIDO DOS TRABALHADORES;MP;2004;PT;-0.4714807256898452;0.03927979110719337;-0.5928695017355247;0
2005;14;PTB;PARTIDO TRABALHISTA BRASILEIRO;MP;2004;PTB;0.40219969288268825;0.03903155306370766;0.7200037859997914;0
2005;15;PMDB;PARTIDO DO MOVIMENTO DEMOCRÁTICO BRASILEIRO;MP;2004;MDB;0.14731615687538585;0.03674902881110708;0.34184571686663834;0
2005;16;PSTU;PARTIDO SOCIALISTA DOS TRABALHADORES UNIFICADO;HL;2004;NA;-0.6928309803776889;0.04157114235734514;-0.9840159212347114;1
2005;17;PSL;PARTIDO SOCIAL LIBERAL;"AVERAGE PTB + PL/PR (14;22)";2004;NA;0.4220961733269172;0.03963961678543615;0.7526648973547225;1
2005;19;PTN;PARTIDO TRABALHISTA NACIONAL;"AVERAGE PTB + PL/PR (14;22)";2004;NA;0.4220961733269172;0.03963961678543615;0.7526648973547225;1
2005;20;PSC;PARTIDO SOCIAL CRISTÃO;"AVERAGE PTB + PL/PR (14;22)";2004;NA;0.4220961733269172;0.03963961678543615;0.7526648973547225;1
2005;21;PCB;PARTIDO COMUNISTA BRASILEIRO;HL;2004;NA;-0.6928309803776889;0.04157114235734514;-0.9840159212347114;1
2005;22;PL;PARTIDO LIBERAL;MP;2004;PL;0.44199265377114616;0.04024768050716464;0.7853260087096535;0
2005;23;PPS;PARTIDO POPULAR SOCIALISTA;MP;2004;CID;-0.368853269719584;0.0378443973255549;-0.48270109319343873;0
2005;25;PFL;PARTIDO DA FRENTE LIBERAL;MP;2004;DEM;0.6765360187840834;0.04340368634333338;1.143208782972141;0
2005;26;PAN;PARTIDO DOS APOSENTADOS DA NAÇÃO;"AVERAGE PTB + PL/PR (14;22)";2004;NA;0.4220961733269172;0.03963961678543615;0.7526648973547225;1
2005;27;PSDC;PARTIDO SOCIAL DEMOCRATA CRISTÃO;"AVERAGE PTB + PL/PR (14;22)";2004;NA;0.4220961733269172;0.03963961678543615;0.7526648973547225;1
2005;28;PRTB;PARTIDO RENOVADOR TRABALHISTA BRASILEIRO;"AVERAGE PTB + PL/PR (14;22)";2004;NA;0.4220961733269172;0.03963961678543615;0.7526648973547225;1
2005;29;PCO;PARTIDO DA CAUSA OPERÁRIA;HL;2004;NA;-0.6928309803776889;0.04157114235734514;-0.9840159212347114;1
2005;31;PHS;PARTIDO HUMANISTA DA SOLIDARIEDADE;"AVERAGE PDT + PSB (12;40)";2004;NA;-0.39929765389443983;0.03881144535623829;-0.5251135565261009;1
2005;33;PMN;PARTIDO DA MOBILIZAÇÃO NACIONAL;"AVERAGE PTB + PL/PR (14;22)";2004;NA;0.4220961733269172;0.03963961678543615;0.7526648973547225;1
2005;36;PTC;PARTIDO TRABALHISTA CRISTÃO;"AVERAGE PTB + PL/PR (14;22)";2004;NA;0.4220961733269172;0.03963961678543615;0.7526648973547225;1
2005;40;PSB;PARTIDO SOCIALISTA BRASILEIRO;MP;2004;PSB;-0.4862447198979625;0.03904121821160901;-0.6510877800861395;0
2005;43;PV;PARTIDO VERDE;"AVERAGE PDT + PSB (12;40)";2004;NA;-0.39929765389443983;0.03881144535623829;-0.5251135565261009;1
2005;44;PRP;PARTIDO REPUBLICANO PROGRESSISTA;"AVERAGE PTB + PL/PR (14;22)";2004;NA;0.4220961733269172;0.03963961678543615;0.7526648973547225;1
2005;45;PSDB;PARTIDO DA SOCIAL DEMOCRACIA BRASILEIRA;MP;2004;PSDB;0.1683350557057427;0.03702980569201176;0.38461748346776864;0
2005;56;PRONA;PARTIDO DA REEDIFICAÇÃO DA ORDEM NACIONAL;"AVERAGE PTB + PL/PR (14;22)";2004;NA;0.4220961733269172;0.03963961678543615;0.7526648973547225;1
2005;65;PC do B;PARTIDO COMUNISTA DO BRASIL;MP;2004;PCDOB;-0.6928309803776889;0.04157114235734514;-0.9840159212347114;0
2005;70;PT do B;PARTIDO TRABALHISTA DO BRASIL;"AVERAGE PTB + PL/PR (14;22)";2004;NA;0.4220961733269172;0.03963961678543615;0.7526648973547225;1
2005;10;PRB;PARTIDO REPUBLICANO BRASILEIRO;"AVERAGE PTB + PL/PR (14;22)";2006;NA;0.4220961733269172;0.03963961678543615;0.7526648973547225;1
2005;11;PP;PARTIDO PROGRESSISTA;MP;2006;PP;0.6908803445167995;0.0433653887874696;1.1490367351478716;0
2005;12;PDT;PARTIDO DEMOCRÁTICO TRABALHISTA;MP;2006;PDT;-0.31235058789091724;0.03858167250086757;-0.3991393329660623;0
2005;13;PT;PARTIDO DOS TRABALHADORES;MP;2006;PT;-0.4714807256898452;0.03927979110719337;-0.5928695017355247;0
2005;14;PTB;PARTIDO TRABALHISTA BRASILEIRO;MP;2006;PTB;0.40219969288268825;0.03903155306370766;0.7200037859997914;0
2005;15;PMDB;PARTIDO DO MOVIMENTO DEMOCRÁTICO BRASILEIRO;MP;2006;MDB;0.14731615687538585;0.03674902881110708;0.34184571686663834;0
2005;16;PSTU;PARTIDO SOCIALISTA DOS TRABALHADORES UNIFICADO;HL;2006;NA;-0.6928309803776889;0.04157114235734514;-0.9840159212347114;1
2005;17;PSL;PARTIDO SOCIAL LIBERAL;"AVERAGE PTB + PL/PR (14;22)";2006;NA;0.4220961733269172;0.03963961678543615;0.7526648973547225;1
2005;19;PTN;PARTIDO TRABALHISTA NACIONAL;"AVERAGE PTB + PL/PR (14;22)";2006;NA;0.4220961733269172;0.03963961678543615;0.7526648973547225;1
2005;20;PSC;PARTIDO SOCIAL CRISTÃO;"AVERAGE PTB + PL/PR (14;22)";2006;NA;0.4220961733269172;0.03963961678543615;0.7526648973547225;1
2005;21;PCB;PARTIDO COMUNISTA BRASILEIRO;HL;2006;NA;-0.6928309803776889;0.04157114235734514;-0.9840159212347114;1
2005;22;PL;PARTIDO LIBERAL;MP;2006;PL;0.44199265377114616;0.04024768050716464;0.7853260087096535;0
2005;23;PPS;PARTIDO POPULAR SOCIALISTA;MP;2006;CID;-0.368853269719584;0.0378443973255549;-0.48270109319343873;0
2005;25;PFL;PARTIDO DA FRENTE LIBERAL;MP;2006;DEM;0.6765360187840834;0.04340368634333338;1.143208782972141;0
2005;26;PAN;PARTIDO DOS APOSENTADOS DA NAÇÃO;"AVERAGE PTB + PL/PR (14;22)";2006;NA;0.4220961733269172;0.03963961678543615;0.7526648973547225;1
2005;27;PSDC;PARTIDO SOCIAL DEMOCRATA CRISTÃO;"AVERAGE PTB + PL/PR (14;22)";2006;NA;0.4220961733269172;0.03963961678543615;0.7526648973547225;1
2005;28;PRTB;PARTIDO RENOVADOR TRABALHISTA BRASILEIRO;"AVERAGE PTB + PL/PR (14;22)";2006;NA;0.4220961733269172;0.03963961678543615;0.7526648973547225;1
2005;29;PCO;PARTIDO DA CAUSA OPERÁRIA;HL;2006;NA;-0.6928309803776889;0.04157114235734514;-0.9840159212347114;1
2005;31;PHS;PARTIDO HUMANISTA DA SOLIDARIEDADE;"AVERAGE PDT + PSB (12;40)";2006;NA;-0.39929765389443983;0.03881144535623829;-0.5251135565261009;1
2005;33;PMN;PARTIDO DA MOBILIZAÇÃO NACIONAL;"AVERAGE PTB + PL/PR (14;22)";2006;NA;0.4220961733269172;0.03963961678543615;0.7526648973547225;1
2005;36;PTC;PARTIDO TRABALHISTA CRISTÃO;"AVERAGE PTB + PL/PR (14;22)";2006;NA;0.4220961733269172;0.03963961678543615;0.7526648973547225;1
2005;40;PSB;PARTIDO SOCIALISTA BRASILEIRO;MP;2006;PSB;-0.4862447198979625;0.03904121821160901;-0.6510877800861395;0
2005;43;PV;PARTIDO VERDE;"AVERAGE PDT + PSB (12;40)";2006;NA;-0.39929765389443983;0.03881144535623829;-0.5251135565261009;1
2005;44;PRP;PARTIDO REPUBLICANO PROGRESSISTA;"AVERAGE PTB + PL/PR (14;22)";2006;NA;0.4220961733269172;0.03963961678543615;0.7526648973547225;1
2005;45;PSDB;PARTIDO DA SOCIAL DEMOCRACIA BRASILEIRA;MP;2006;PSDB;0.1683350557057427;0.03702980569201176;0.38461748346776864;0
2005;50;PSOL;PARTIDO SOCIALISMO E LIBERDADE;HL;2006;NA;-0.6928309803776889;0.04157114235734514;-0.9840159212347114;1
2005;56;PRONA;PARTIDO DE REEDIFICAÇÃO DA ORDEM NACIONAL;"AVERAGE PTB + PL/PR (14;22)";2006;NA;0.4220961733269172;0.03963961678543615;0.7526648973547225;1
2005;65;PC do B;PARTIDO COMUNISTA DO BRASIL;MP;2006;PCDOB;-0.6928309803776889;0.04157114235734514;-0.9840159212347114;0
2005;70;PT do B;PARTIDO TRABALHISTA DO BRASIL;"AVERAGE PTB + PL/PR (14;22)";2006;NA;0.4220961733269172;0.03963961678543615;0.7526648973547225;1
2009;10;PRB;PARTIDO REPUBLICANO BRASILEIRO;"AVERAGE PTB + PL/PR (14;22)";2008;NA;0.32353603956152477;0.03589649469674931;0.6830453350978571;1
2009;11;PP;PARTIDO PROGRESSISTA;MP;2008;PP;0.547227194382042;0.03923855976102827;1.0952016745854465;0
2009;12;PDT;PARTIDO DEMOCRÁTICO TRABALHISTA;MP;2008;PDT;-0.340216224688852;0.03435201071222728;-0.3905446655060829;0
2009;13;PT;PARTIDO DOS TRABALHADORES;MP;2008;PT;-0.49751039770919264;0.03685039056229847;-0.5944889242160294;0
2009;14;PTB;PARTIDO TRABALHISTA BRASILEIRO;MP;2008;PTB;0.2985523812656155;0.03544773105129192;0.6208385377407466;0
2009;15;PMDB;PARTIDO DO MOVIMENTO DEMOCRÁTICO BRASILEIRO;MP;2008;MDB;0.08244919256434692;0.03416725227890073;0.3450894943106706;0
2009;16;PSTU;PARTIDO SOCIALISTA DOS TRABALHADORES UNIFICADO;HL;2008;NA;-0.9155604366099231;0.04211868918186907;-1.400787700961822;1
2009;17;PSL;PARTIDO SOCIAL LIBERAL;"AVERAGE PTB + PL/PR (14;22)";2008;NA;0.32353603956152477;0.03589649469674931;0.6830453350978571;1
2009;19;PTN;PARTIDO TRABALHISTA NACIONAL;"AVERAGE PTB + PL/PR (14;22)";2008;NA;0.32353603956152477;0.03589649469674931;0.6830453350978571;1
2009;20;PSC;PARTIDO SOCIAL CRISTÃO;"AVERAGE PTB + PL/PR (14;22)";2008;NA;0.32353603956152477;0.03589649469674931;0.6830453350978571;1
2009;21;PCB;PARTIDO COMUNISTA BRASILEIRO;HL;2008;NA;-0.9155604366099231;0.04211868918186907;-1.400787700961822;1
2009;22;PR;PARTIDO DA REPÚBLICA;MP;2008;PL;0.3485196978574341;0.03634525834220671;0.7452521324549678;0
2009;23;PPS;PARTIDO POPULAR SOCIALISTA;MP;2008;CID;-0.16022996526531183;0.03449122151873362;-0.08743933224292497;0
2009;25;DEM;DEMOCRATAS;MP;2008;DEM;0.6500976799126745;0.04092630984758116;1.1838044414662188;0
2009;27;PSDC;PARTIDO SOCIAL DEMOCRATA CRISTÃO;"AVERAGE PTB + PL/PR (14;22)";2008;NA;0.32353603956152477;0.03589649469674931;0.6830453350978571;1
2009;28;PRTB;PARTIDO RENOVADOR TRABALHISTA BRASILEIRO;"AVERAGE PTB + PL/PR (14;22)";2008;NA;0.32353603956152477;0.03589649469674931;0.6830453350978571;1
2009;29;PCO;PARTIDO DA CAUSA OPERÁRIA;HL;2008;NA;-0.9155604366099231;0.04211868918186907;-1.400787700961822;1
2009;31;PHS;PARTIDO HUMANISTA DA SOLIDARIEDADE;"AVERAGE PDT + PSB (12;40)";2008;NA;-0.39639178065381453;0.03459791390825921;-0.4651666114125002;1
2009;33;PMN;PARTIDO DA MOBILIZAÇÃO NACIONAL;"AVERAGE PTB + PL/PR (14;22)";2008;NA;0.32353603956152477;0.03589649469674931;0.6830453350978571;1
2009;36;PTC;PARTIDO TRABALHISTA CRISTÃO;"AVERAGE PTB + PL/PR (14;22)";2008;NA;0.32353603956152477;0.03589649469674931;0.6830453350978571;1
2009;40;PSB;PARTIDO SOCIALISTA BRASILEIRO;MP;2008;PSB;-0.4525673366187771;0.03484381710429114;-0.5397885573189175;0
2009;43;PV;PARTIDO VERDE;MP;2008;PV;-0.23387320809903908;0.0345411337813285;-0.19423906448855188;0
2009;44;PRP;PARTIDO REPUBLICANO PROGRESSISTA;"AVERAGE PTB + PL/PR (14;22)";2008;NA;0.32353603956152477;0.03589649469674931;0.6830453350978571;1
2009;45;PSDB;PARTIDO DA SOCIAL DEMOCRACIA BRASILEIRA;MP;2008;PSDB;0.11127697887318608;0.03494513804966573;0.33849991035171795;0
2009;50;PSOL;PARTIDO SOCIALISMO E LIBERDADE;MP;2008;PSOL;-0.9155604366099231;0.04211868918186907;-1.400787700961822;0
2009;65;PC do B;PARTIDO COMUNISTA DO BRASIL;MP;2008;PCDOB;-0.6937793316764277;0.03842116528740351;-0.9741343263723669;0
2009;70;PT do B;PARTIDO TRABALHISTA DO BRASIL;"AVERAGE PTB + PL/PR (14;22)";2008;NA;0.32353603956152477;0.03589649469674931;0.6830453350978571;1
2009;10;PRB;PARTIDO REPUBLICANO BRASILEIRO;"AVERAGE PTB + PL/PR (14;22)";2010;NA;0.32353603956152477;0.03589649469674931;0.6830453350978571;1
2009;11;PP;PARTIDO PROGRESSISTA;MP;2010;PP;0.547227194382042;0.03923855976102827;1.0952016745854465;0
2009;12;PDT;PARTIDO DEMOCRÁTICO TRABALHISTA;MP;2010;PDT;-0.340216224688852;0.03435201071222728;-0.3905446655060829;0
2009;13;PT;PARTIDO DOS TRABALHADORES;MP;2010;PT;-0.49751039770919264;0.03685039056229847;-0.5944889242160294;0
2009;14;PTB;PARTIDO TRABALHISTA BRASILEIRO;MP;2010;PTB;0.2985523812656155;0.03544773105129192;0.6208385377407466;0
2009;15;PMDB;PARTIDO DO MOVIMENTO DEMOCRÁTICO BRASILEIRO;MP;2010;MDB;0.08244919256434692;0.03416725227890073;0.3450894943106706;0
2009;16;PSTU;PARTIDO SOCIALISTA DOS TRABALHADORES UNIFICADO;HL;2010;NA;-0.9155604366099231;0.04211868918186907;-1.400787700961822;1
2009;17;PSL;PARTIDO SOCIAL LIBERAL;"AVERAGE PTB + PL/PR (14;22)";2010;NA;0.32353603956152477;0.03589649469674931;0.6830453350978571;1
2009;19;PTN;PARTIDO TRABALHISTA NACIONAL;"AVERAGE PTB + PL/PR (14;22)";2010;NA;0.32353603956152477;0.03589649469674931;0.6830453350978571;1
2009;20;PSC;PARTIDO SOCIAL CRISTÃO;"AVERAGE PTB + PL/PR (14;22)";2010;NA;0.32353603956152477;0.03589649469674931;0.6830453350978571;1
2009;21;PCB;PARTIDO COMUNISTA BRASILEIRO;HL;2010;NA;-0.9155604366099231;0.04211868918186907;-1.400787700961822;1
2009;22;PR;PARTIDO DA REPÚBLICA;MP;2010;PL;0.3485196978574341;0.03634525834220671;0.7452521324549678;0
2009;23;PPS;PARTIDO POPULAR SOCIALISTA;MP;2010;CID;-0.16022996526531183;0.03449122151873362;-0.08743933224292497;0
2009;25;DEM;DEMOCRATAS;MP;2010;DEM;0.6500976799126745;0.04092630984758116;1.1838044414662188;0
2009;27;PSDC;PARTIDO SOCIAL DEMOCRATA CRISTÃO;"AVERAGE PTB + PL/PR (14;22)";2010;NA;0.32353603956152477;0.03589649469674931;0.6830453350978571;1
2009;28;PRTB;PARTIDO RENOVADOR TRABALHISTA BRASILEIRO;"AVERAGE PTB + PL/PR (14;22)";2010;NA;0.32353603956152477;0.03589649469674931;0.6830453350978571;1
2009;29;PCO;PARTIDO DA CAUSA OPERÁRIA;HL;2010;NA;-0.9155604366099231;0.04211868918186907;-1.400787700961822;1
2009;31;PHS;PARTIDO HUMANISTA DA SOLIDARIEDADE;"AVERAGE PDT + PSB (12;40)";2010;NA;-0.39639178065381453;0.03459791390825921;-0.4651666114125002;1
2009;33;PMN;PARTIDO DA MOBILIZAÇÃO NACIONAL;"AVERAGE PTB + PL/PR (14;22)";2010;NA;0.32353603956152477;0.03589649469674931;0.6830453350978571;1
2009;36;PTC;PARTIDO TRABALHISTA CRISTÃO;"AVERAGE PTB + PL/PR (14;22)";2010;NA;0.32353603956152477;0.03589649469674931;0.6830453350978571;1
2009;40;PSB;PARTIDO SOCIALISTA BRASILEIRO;MP;2010;PSB;-0.4525673366187771;0.03484381710429114;-0.5397885573189175;0
2009;43;PV;PARTIDO VERDE;MP;2010;PV;-0.23387320809903908;0.0345411337813285;-0.19423906448855188;0
2009;44;PRP;PARTIDO REPUBLICANO PROGRESSISTA;"AVERAGE PTB + PL/PR (14;22)";2010;NA;0.32353603956152477;0.03589649469674931;0.6830453350978571;1
2009;45;PSDB;PARTIDO DA SOCIAL DEMOCRACIA BRASILEIRA;MP;2010;PSDB;0.11127697887318608;0.03494513804966573;0.33849991035171795;0
2009;50;PSOL;PARTIDO SOCIALISMO E LIBERDADE;MP;2010;PSOL;-0.9155604366099231;0.04211868918186907;-1.400787700961822;0
2009;65;PC do B;PARTIDO COMUNISTA DO BRASIL;MP;2010;PCDOB;-0.6937793316764277;0.03842116528740351;-0.9741343263723669;0
2009;70;PT do B;PARTIDO TRABALHISTA DO BRASIL;"AVERAGE PTB + PL/PR (14;22)";2010;NA;0.32353603956152477;0.03589649469674931;0.6830453350978571;1
2013;10;PRB;PARTIDO REPUBLICANO BRASILEIRO;"AVERAGE PTB + PL/PR (14;22)";2012;NA;0.3864160057085465;0.03684620410692456;0.6879254688590548;1
2013;11;PP;PARTIDO PROGRESSISTA;MP;2012;PP;0.6316014722047695;0.03984720815683245;1.0207943503457713;0
2013;12;PDT;PARTIDO DEMOCRÁTICO TRABALHISTA;MP;2012;PDT;-0.31023328097237507;0.03501287860287697;-0.3491179929291438;0
2013;13;PT;PARTIDO DOS TRABALHADORES;MP;2012;PT;-0.5017347419026761;0.03598590461086906;-0.5386807662368885;0
2013;14;PTB;PARTIDO TRABALHISTA BRASILEIRO;MP;2012;PTB;0.34476502569933437;0.03632636109750171;0.612774594760655;0
2013;15;PMDB;PARTIDO DO MOVIMENTO DEMOCRÁTICO BRASILEIRO;MP;2012;MDB;0.20086619648309503;0.03603903969348042;0.4517357268138002;0
2013;16;PSTU;PARTIDO SOCIALISTA DOS TRABALHADORES UNIFICADO;HL;2012;NA;-0.9363963220098848;0.04155967071834136;-1.344338890611676;1
2013;17;PSL;PARTIDO SOCIAL LIBERAL;"AVERAGE PTB + PL/PR (14;22)";2012;NA;0.3864160057085465;0.03684620410692456;0.6879254688590548;1
2013;19;PTN;PARTIDO TRABALHISTA NACIONAL;"AVERAGE PTB + PL/PR (14;22)";2012;NA;0.3864160057085465;0.03684620410692456;0.6879254688590548;1
2013;20;PSC;PARTIDO SOCIAL CRISTÃO;"AVERAGE PTB + PL/PR (14;22)";2012;NA;0.3864160057085465;0.03684620410692456;0.6879254688590548;1
2013;21;PCB;PARTIDO COMUNISTA BRASILEIRO;HL;2012;NA;-0.9363963220098848;0.04155967071834136;-1.344338890611676;1
2013;22;PR;PARTIDO DA REPÚBLICA;MP;2012;PL;0.4280669857177587;0.0373660471163474;0.7630763429574546;0
2013;23;PPS;PARTIDO POPULAR SOCIALISTA;MP;2012;CID;-0.1958234095955667;0.0356485505513703;-0.17776928809164305;0
2013;25;DEM;DEMOCRATAS;MP;2012;DEM;0.8120336325464891;0.04237972664757179;1.281956006365571;0
2013;27;PSDC;PARTIDO SOCIAL DEMOCRATA CRISTÃO;"AVERAGE PTB + PL/PR (14;22)";2012;NA;0.3864160057085465;0.03684620410692456;0.6879254688590548;1
2013;28;PRTB;PARTIDO RENOVADOR TRABALHISTA BRASILEIRO;"AVERAGE PTB + PL/PR (14;22)";2012;NA;0.3864160057085465;0.03684620410692456;0.6879254688590548;1
2013;29;PCO;PARTIDO DA CAUSA OPERÁRIA;HL;2012;NA;-0.9363963220098848;0.04155967071834136;-1.344338890611676;1
2013;31;PHS;PARTIDO HUMANISTA DA SOLIDARIEDADE;"AVERAGE PDT + PSB (12;40)";2012;NA;-0.3559373037389671;0.035090894833809554;-0.38934276606966456;1
2013;33;PMN;PARTIDO DA MOBILIZAÇÃO NACIONAL;"AVERAGE PTB + PL/PR (14;22)";2012;NA;0.3864160057085465;0.03684620410692456;0.6879254688590548;1
2013;36;PTC;PARTIDO TRABALHISTA CRISTÃO;"AVERAGE PTB + PL/PR (14;22)";2012;NA;0.3864160057085465;0.03684620410692456;0.6879254688590548;1
2013;40;PSB;PARTIDO SOCIALISTA BRASILEIRO;MP;2012;PSB;-0.4016413265055591;0.03516891106474214;-0.4295675392101853;0
2013;43;PV;PARTIDO VERDE;MP;2012;PV;-0.20615279672106623;0.03528786998538832;-0.18384321936831208;0
2013;44;PRP;PARTIDO REPUBLICANO PROGRESSISTA;"AVERAGE PTB + PL/PR (14;22)";2012;NA;0.3864160057085465;0.03684620410692456;0.6879254688590548;1
2013;45;PSDB;PARTIDO DA SOCIAL DEMOCRACIA BRASILEIRA;MP;2012;PSDB;0.2392117722514646;0.03671231391233639;0.4283509758404045;0
2013;50;PSOL;PARTIDO SOCIALISMO E LIBERDADE;MP;2012;PSOL;-0.9363963220098848;0.04155967071834136;-1.344338890611676;0
2013;51;PEN;PARTIDO ECOLÓGICO NACIONAL;"AVERAGE PTB + PL/PR (14;22)";2012;NA;0.3864160057085465;0.03684620410692456;0.6879254688590548;1
2013;54;PPL;PARTIDO PÁTRIA LIVRE;"AVERAGE PTB + PL/PR (14;22)";2012;NA;0.3864160057085465;0.03684620410692456;0.6879254688590548;1
2013;55;PSD;PARTIDO SOCIAL DEMOCRÁTICO;MP;2012;PSD;0.3950756230759957;0.03743613792416622;0.6592248397231446;0
2013;65;PC do B;PARTIDO COMUNISTA DO BRASIL;MP;2012;PCDOB;-0.7139005517750573;0.03854006982699137;-0.9357662623202404;0
2013;70;PT do B;PARTIDO TRABALHISTA DO BRASIL;"AVERAGE PTB + PL/PR (14;22)";2012;NA;0.3864160057085465;0.03684620410692456;0.6879254688590548;1
2013;10;PRB;PARTIDO REPUBLICANO BRASILEIRO;"AVERAGE PTB + PL/PR (14;22)";2014;NA;0.3864160057085465;0.03684620410692456;0.6879254688590548;1
2013;11;PP;PARTIDO PROGRESSISTA;MP;2014;PP;0.6316014722047695;0.03984720815683245;1.0207943503457713;0
2013;12;PDT;PARTIDO DEMOCRÁTICO TRABALHISTA;MP;2014;PDT;-0.31023328097237507;0.03501287860287697;-0.3491179929291438;0
2013;13;PT;PARTIDO DOS TRABALHADORES;MP;2014;PT;-0.5017347419026761;0.03598590461086906;-0.5386807662368885;0
2013;14;PTB;PARTIDO TRABALHISTA BRASILEIRO;MP;2014;PTB;0.34476502569933437;0.03632636109750171;0.612774594760655;0
2013;15;PMDB;PARTIDO DO MOVIMENTO DEMOCRÁTICO BRASILEIRO;MP;2014;MDB;0.20086619648309503;0.03603903969348042;0.4517357268138002;0
2013;16;PSTU;PARTIDO SOCIALISTA DOS TRABALHADORES UNIFICADO;HL;2014;NA;-0.9363963220098848;0.04155967071834136;-1.344338890611676;1
2013;17;PSL;PARTIDO SOCIAL LIBERAL;"AVERAGE PTB + PL/PR (14;22)";2014;NA;0.3864160057085465;0.03684620410692456;0.6879254688590548;1
2013;19;PTN;PARTIDO TRABALHISTA NACIONAL;"AVERAGE PTB + PL/PR (14;22)";2014;NA;0.3864160057085465;0.03684620410692456;0.6879254688590548;1
2013;20;PSC;PARTIDO SOCIAL CRISTÃO;"AVERAGE PTB + PL/PR (14;22)";2014;NA;0.3864160057085465;0.03684620410692456;0.6879254688590548;1
2013;21;PCB;PARTIDO COMUNISTA BRASILEIRO;HL;2014;NA;-0.9363963220098848;0.04155967071834136;-1.344338890611676;1
2013;22;PR;PARTIDO DA REPÚBLICA;MP;2014;PL;0.4280669857177587;0.0373660471163474;0.7630763429574546;0
2013;23;PPS;PARTIDO POPULAR SOCIALISTA;MP;2014;CID;-0.1958234095955667;0.0356485505513703;-0.17776928809164305;0
2013;25;DEM;DEMOCRATAS;MP;2014;DEM;0.8120336325464891;0.04237972664757179;1.281956006365571;0
2013;27;PSDC;PARTIDO SOCIAL DEMOCRATA CRISTÃO;"AVERAGE PTB + PL/PR (14;22)";2014;NA;0.3864160057085465;0.03684620410692456;0.6879254688590548;1
2013;28;PRTB;PARTIDO RENOVADOR TRABALHISTA BRASILEIRO;"AVERAGE PTB + PL/PR (14;22)";2014;NA;0.3864160057085465;0.03684620410692456;0.6879254688590548;1
2013;29;PCO;PARTIDO DA CAUSA OPERÁRIA;HL;2014;NA;-0.9363963220098848;0.04155967071834136;-1.344338890611676;1
2013;31;PHS;PARTIDO HUMANISTA DA SOLIDARIEDADE;"AVERAGE PDT + PSB (12;40)";2014;NA;-0.3559373037389671;0.035090894833809554;-0.38934276606966456;1
2013;33;PMN;PARTIDO DA MOBILIZAÇÃO NACIONAL;"AVERAGE PTB + PL/PR (14;22)";2014;NA;0.3864160057085465;0.03684620410692456;0.6879254688590548;1
2013;36;PTC;PARTIDO TRABALHISTA CRISTÃO;"AVERAGE PTB + PL/PR (14;22)";2014;NA;0.3864160057085465;0.03684620410692456;0.6879254688590548;1
2013;40;PSB;PARTIDO SOCIALISTA BRASILEIRO;MP;2014;PSB;-0.4016413265055591;0.03516891106474214;-0.4295675392101853;0
2013;43;PV;PARTIDO VERDE;MP;2014;PV;-0.20615279672106623;0.03528786998538832;-0.18384321936831208;0
2013;44;PRP;PARTIDO REPUBLICANO PROGRESSISTA;"AVERAGE PTB + PL/PR (14;22)";2014;NA;0.3864160057085465;0.03684620410692456;0.6879254688590548;1
2013;45;PSDB;PARTIDO DA SOCIAL DEMOCRACIA BRASILEIRA;MP;2014;PSDB;0.2392117722514646;0.03671231391233639;0.4283509758404045;0
2013;50;PSOL;PARTIDO SOCIALISMO E LIBERDADE;MP;2014;PSOL;-0.9363963220098848;0.04155967071834136;-1.344338890611676;0
2013;51;PEN;PARTIDO ECOLÓGICO NACIONAL;"AVERAGE PTB + PL/PR (14;22)";2014;NA;0.3864160057085465;0.03684620410692456;0.6879254688590548;1
2013;54;PPL;PARTIDO PÁTRIA LIVRE;"AVERAGE PTB + PL/PR (14;22)";2014;NA;0.3864160057085465;0.03684620410692456;0.6879254688590548;1
2013;55;PSD;PARTIDO SOCIAL DEMOCRÁTICO;MP;2014;PSD;0.3950756230759957;0.03743613792416622;0.6592248397231446;0
2013;65;PC do B;PARTIDO COMUNISTA DO BRASIL;MP;2014;PCDOB;-0.7139005517750573;0.03854006982699137;-0.9357662623202404;0
2013;70;PT do B;PARTIDO TRABALHISTA DO BRASIL;"AVERAGE PTB + PL/PR (14;22)";2014;NA;0.3864160057085465;0.03684620410692456;0.6879254688590548;1
2013;77;SD;SOLIDARIEDADE;MP [2017];2014;SD;0.16896459901053287;0.06499797345247252;0.32852834397262826;0
2013;90;PROS;PARTIDO REPUBLICANO DA ORDEM SOCIAL;MP [2017];2014;PROS;0.04083392923990393;0.0630107858871277;0.35383329605901176;0
2017;10;PRB;PARTIDO REPUBLICANO BRASILEIRO;MP;2016;REP;0.45377201806460327;0.03558023923877052;0.873371290575884;0
2017;11;PP;PARTIDO PROGRESSISTA;MP;2016;PP;0.6025008134631917;0.03772316524269;1.128231019476177;0
2017;12;PDT;PARTIDO DEMOCRÁTICO TRABALHISTA;MP;2016;PDT;-0.3832960115902615;0.03446888070847345;-0.5051171630235249;0
2017;13;PT;PARTIDO DOS TRABALHADORES;MP;2016;PT;-0.6496187363858007;0.03666656314817428;-0.9479271079164908;0
2017;14;PTB;PARTIDO TRABALHISTA BRASILEIRO;MP;2016;PTB;0.22215932276432848;0.03345893758693741;0.4805799507234456;0
2017;15;PMDB;PARTIDO DO MOVIMENTO DEMOCRÁTICO BRASILEIRO;MP;2016;MDB;0.4054584547291422;0.03540265958986873;0.7763452688992618;0
2017;16;PSTU;PARTIDO SOCIALISTA DOS TRABALHADORES UNIFICADO;HL;2016;NA;-0.8869085705725458;0.03983225650034831;-1.401982137776764;1
2017;17;PSL;PARTIDO SOCIAL LIBERAL;"AVERAGE PTB + PL/PR (14;22)";2016;NA;0.34397270937199315;0.034732686568146584;0.6855836256633333;1
2017;18;REDE;REDE SUSTENTABILIDADE;MP;2016;REDE;-0.5373889391788617;0.03535088435196604;-0.7990697055382157;0
2017;19;PTN;PARTIDO TRABALHISTA NACIONAL;MP;2016;PODE;0.3015445127512885;0.06650365283221142;0.7451046032619714;0
2017;20;PSC;PARTIDO SOCIAL CRISTÃO;MP;2016;PSC;0.5639948185044908;0.03670704538983903;1.0481677091490489;0
2017;21;PCB;PARTIDO COMUNISTA BRASILEIRO;HL;2016;NA;-0.8869085705725458;0.03983225650034831;-1.401982137776764;1
2017;22;PR;PARTIDO DA REPÚBLICA;MP;2016;PL;0.4657860959796578;0.03600643554935576;0.890587300603221;0
2017;23;PPS;PARTIDO POPULAR SOCIALISTA;MP;2016;CID;-0.1093244393078109;0.03343495059605673;-0.0773753738777715;0
2017;25;DEM;DEMOCRATAS;MP;2016;DEM;0.7661840351636338;0.04028286528197731;1.4195576835967345;0
2017;27;PSDC;PARTIDO SOCIAL DEMOCRATA CRISTÃO;"AVERAGE PTB + PL/PR (14;22)";2016;NA;0.34397270937199315;0.034732686568146584;0.6855836256633333;1
2017;28;PRTB;PARTIDO RENOVADOR TRABALHISTA BRASILEIRO;"AVERAGE PTB + PL/PR (14;22)";2016;NA;0.34397270937199315;0.034732686568146584;0.6855836256633333;1
2017;29;PCO;PARTIDO DA CAUSA OPERÁRIA;HL;2016;NA;-0.8869085705725458;0.03983225650034831;-1.401982137776764;1
2017;30;NOVO;PARTIDO NOVO;HR;2016;NA;0.7661840351636338;0.04028286528197731;1.4195576835967345;1
2017;31;PHS;PARTIDO HUMANISTA DA SOLIDARIEDADE;"AVERAGE PDT + PSB (12;40)";2016;NA;-0.2649451013092754;0.033651687961430726;-0.32787600867594074;1
2017;33;PMN;PARTIDO DA MOBILIZAÇÃO NACIONAL;"AVERAGE PTB + PL/PR (14;22)";2016;NA;0.34397270937199315;0.034732686568146584;0.6855836256633333;1
2017;35;PMB;PARTIDO DA MULHER BRASILEIRA;"AVERAGE PTB + PL/PR (14;22)";2016;NA;0.34397270937199315;0.034732686568146584;0.6855836256633333;1
2017;36;PTC;PARTIDO TRABALHISTA CRISTÃO;"AVERAGE PTB + PL/PR (14;22)";2016;NA;0.34397270937199315;0.034732686568146584;0.6855836256633333;1
2017;40;PSB;PARTIDO SOCIALISTA BRASILEIRO;MP;2016;PSB;-0.14659419102828933;0.032834495214388;-0.15063485432835652;0
2017;43;PV;PARTIDO VERDE;MP;2016;PV;-0.04698150108818051;0.03313477677512129;0.03459343907078414;0
2017;44;PRP;PARTIDO REPUBLICANO PROGRESSISTA;"AVERAGE PTB + PL/PR (14;22)";2016;NA;0.34397270937199315;0.034732686568146584;0.6855836256633333;1
2017;45;PSDB;PARTIDO DA SOCIAL DEMOCRACIA BRASILEIRA;MP;2016;PSDB;0.49856782905629526;0.03618702538522078;0.917245995951105;0
2017;50;PSOL;PARTIDO SOCIALISMO E LIBERDADE;MP;2016;PSOL;-0.8869085705725458;0.03983225650034831;-1.401982137776764;0
2017;51;PEN;PARTIDO ECOLÓGICO NACIONAL;"AVERAGE PTB + PL/PR (14;22)";2016;NA;0.34397270937199315;0.034732686568146584;0.6855836256633333;1
2017;54;PPL;PARTIDO PÁTRIA LIVRE;"AVERAGE PTB + PL/PR (14;22)";2016;NA;0.34397270937199315;0.034732686568146584;0.6855836256633333;1
2017;55;PSD;PARTIDO SOCIAL DEMOCRÁTICO;MP;2016;PSD;0.42870816940286366;0.03571636747827592;0.8163501481916704;0
2017;65;PC do B;PARTIDO COMUNISTA DO BRASIL;MP;2016;PCDOB;-0.7215750026338515;0.03808129532834841;-1.093614198085579;0
2017;70;PT do B;PARTIDO TRABALHISTA DO BRASIL;"AVERAGE PTB + PL/PR (14;22)";2016;NA;0.34397270937199315;0.034732686568146584;0.6855836256633333;1
2017;77;SD;SOLIDARIEDADE;MP;2016;SD;0.16896459901053287;0.06499797345247252;0.32852834397262826;0
2017;90;PROS;PARTIDO REPUBLICANO DA ORDEM SOCIAL;MP;2016;PROS;0.04083392923990393;0.0630107858871277;0.35383329605901176;0
2017;10;PRB;PARTIDO REPUBLICANO BRASILEIRO;MP;2018;REP;0.45377201806460327;0.03558023923877052;0.873371290575884;0
2017;11;PP;PARTIDO PROGRESSISTA;MP;2018;PP;0.6025008134631917;0.03772316524269;1.128231019476177;0
2017;12;PDT;PARTIDO DEMOCRÁTICO TRABALHISTA;MP;2018;PDT;-0.3832960115902615;0.03446888070847345;-0.5051171630235249;0
2017;13;PT;PARTIDO DOS TRABALHADORES;MP;2018;PT;-0.6496187363858007;0.03666656314817428;-0.9479271079164908;0
2017;14;PTB;PARTIDO TRABALHISTA BRASILEIRO;MP;2018;PTB;0.22215932276432848;0.03345893758693741;0.4805799507234456;0
2017;15;PMDB;PARTIDO DO MOVIMENTO DEMOCRÁTICO BRASILEIRO;MP;2018;MDB;0.4054584547291422;0.03540265958986873;0.7763452688992618;0
2017;16;PSTU;PARTIDO SOCIALISTA DOS TRABALHADORES UNIFICADO;HL;2018;NA;-0.8869085705725458;0.03983225650034831;-1.401982137776764;1
2017;17;PSL;PARTIDO SOCIAL LIBERAL;MP [2021];2018;PSL;0.8432905909014132;0.04258106719560296;1.6908046500609664;0
2017;18;REDE;REDE SUSTENTABILIDADE;MP;2018;REDE;-0.5373889391788617;0.03535088435196604;-0.7990697055382157;0
2017;19;PTN;PARTIDO TRABALHISTA NACIONAL;MP;2018;PODE;0.3015445127512885;0.06650365283221142;0.7451046032619714;0
2017;20;PSC;PARTIDO SOCIAL CRISTÃO;MP;2018;PSC;0.5639948185044908;0.03670704538983903;1.0481677091490489;0
2017;21;PCB;PARTIDO COMUNISTA BRASILEIRO;HL;2018;NA;-0.8869085705725458;0.03983225650034831;-1.401982137776764;1
2017;22;PR;PARTIDO DA REPÚBLICA;MP;2018;PL;0.4657860959796578;0.03600643554935576;0.890587300603221;0
2017;23;PPS;PARTIDO POPULAR SOCIALISTA;MP;2018;CID;-0.1093244393078109;0.03343495059605673;-0.0773753738777715;0
2017;25;DEM;DEMOCRATAS;MP;2018;DEM;0.7661840351636338;0.04028286528197731;1.4195576835967345;0
2017;27;PSDC;PARTIDO SOCIAL DEMOCRATA CRISTÃO;"AVERAGE PTB + PL/PR (14;22)";2018;NA;0.34397270937199315;0.034732686568146584;0.6855836256633333;1
2017;28;PRTB;PARTIDO RENOVADOR TRABALHISTA BRASILEIRO;"AVERAGE PTB + PL/PR (14;22)";2018;NA;0.34397270937199315;0.034732686568146584;0.6855836256633333;1
2017;29;PCO;PARTIDO DA CAUSA OPERÁRIA;HL;2018;NA;-0.8869085705725458;0.03983225650034831;-1.401982137776764;1
2017;30;NOVO;PARTIDO NOVO;HR;2018;NA;0.8432905909014132;0.04258106719560296;1.6908046500609664;1
2017;31;PHS;PARTIDO HUMANISTA DA SOLIDARIEDADE;"AVERAGE PDT + PSB (12;40)";2018;NA;-0.2649451013092754;0.033651687961430726;-0.32787600867594074;1
2017;33;PMN;PARTIDO DA MOBILIZAÇÃO NACIONAL;"AVERAGE PTB + PL/PR (14;22)";2018;NA;0.34397270937199315;0.034732686568146584;0.6855836256633333;1
2017;35;PMB;PARTIDO DA MULHER BRASILEIRA;"AVERAGE PTB + PL/PR (14;22)";2018;NA;0.34397270937199315;0.034732686568146584;0.6855836256633333;1
2017;36;PTC;PARTIDO TRABALHISTA CRISTÃO;"AVERAGE PTB + PL/PR (14;22)";2018;NA;0.34397270937199315;0.034732686568146584;0.6855836256633333;1
2017;40;PSB;PARTIDO SOCIALISTA BRASILEIRO;MP;2018;PSB;-0.14659419102828933;0.032834495214388;-0.15063485432835652;0
2017;43;PV;PARTIDO VERDE;MP;2018;PV;-0.04698150108818051;0.03313477677512129;0.03459343907078414;0
2017;44;PRP;PARTIDO REPUBLICANO PROGRESSISTA;"AVERAGE PTB + PL/PR (14;22)";2018;NA;0.34397270937199315;0.034732686568146584;0.6855836256633333;1
2017;45;PSDB;PARTIDO DA SOCIAL DEMOCRACIA BRASILEIRA;MP;2018;PSDB;0.49856782905629526;0.03618702538522078;0.917245995951105;0
2017;50;PSOL;PARTIDO SOCIALISMO E LIBERDADE;MP;2018;PSOL;-0.8869085705725458;0.03983225650034831;-1.401982137776764;0
2017;51;PEN;PARTIDO ECOLÓGICO NACIONAL;"AVERAGE PTB + PL/PR (14;22)";2018;NA;0.34397270937199315;0.034732686568146584;0.6855836256633333;1
2017;54;PPL;PARTIDO PÁTRIA LIVRE;"AVERAGE PTB + PL/PR (14;22)";2018;NA;0.34397270937199315;0.034732686568146584;0.6855836256633333;1
2017;55;PSD;PARTIDO SOCIAL DEMOCRÁTICO;MP;2018;PSD;0.42870816940286366;0.03571636747827592;0.8163501481916704;0
2017;65;PC do B;PARTIDO COMUNISTA DO BRASIL;MP;2018;PCDOB;-0.7215750026338515;0.03808129532834841;-1.093614198085579;0
2017;70;PT do B;PARTIDO TRABALHISTA DO BRASIL;"AVERAGE PTB + PL/PR (14;22)";2018;NA;0.34397270937199315;0.034732686568146584;0.6855836256633333;1
2017;77;SD;SOLIDARIEDADE;MP;2018;SD;0.16896459901053287;0.06499797345247252;0.32852834397262826;0
2017;90;PROS;PARTIDO REPUBLICANO DA ORDEM SOCIAL;MP;2018;PROS;0.04083392923990393;0.0630107858871277;0.35383329605901176;0
2021;10;REPUBLICANOS;REPUBLICANOS;MP;2020;REP;0.5864131564142074;0.03843031929690949;1.1858128518632798;0
2021;11;PP;PROGRESSISTAS;MP;2020;PP;0.5447890228000977;0.03778623640449617;1.103628827332248;0
2021;12;PDT;PARTIDO DEMOCRÁTICO TRABALHISTA;MP;2020;PDT;-0.3538247570835934;0.03628784280333679;-0.5061596535141243;0
2021;13;PT;PARTIDO DOS TRABALHADORES;MP;2020;PT;-0.6983765437546892;0.04019397442850458;-1.1396805226506754;0
2021;14;PTB;PARTIDO TRABALHISTA BRASILEIRO;MP;2020;PTB;0.4886842529504632;0.03699447769341493;0.9929405079449276;0
2021;15;MDB;MOVIMENTO DEMOCRÁTICO BRASILEIRO;MP;2020;MDB;0.1549852984548097;0.03494721150157128;0.40445498088808496;0
2021;16;PSTU;PARTIDO SOCIALISTA DOS TRABALHADORES UNIFICADO;HL;2020;NA;-0.8938057899375446;0.04330719147347121;-1.4769812276664471;1
2021;17;PSL;PARTIDO SOCIAL LIBERAL;MP;2020;PSL;0.8432905909014132;0.04258106719560296;1.6908046500609664;0
2021;18;REDE;REDE SUSTENTABILIDADE;"AVERAGE PDT + PSB (12;40)";2020;NA;-0.3906870304043897;0.03668479516518525;-0.566379320193916;1
2021;19;PODE;PODEMOS;MP;2020;PODE;0.4112522994126804;0.03615839240186525;0.8566786410810205;0
2021;20;PSC;PARTIDO SOCIAL CRISTÃO;MP;2020;PSC;0.6304261440658337;0.0714057351359761;1.1594059812751605;0
2021;21;PCB;PARTIDO COMUNISTA BRASILEIRO;HL;2020;NA;-0.8938057899375446;0.04330719147347121;-1.4769812276664471;1
2021;22;PL;PARTIDO LIBERAL;MP;2020;PL;0.5279964897135964;0.03840508669230845;1.0718210809210362;0
2021;23;CIDADANIA;CIDADANIA;MP;2020;CID;-7.353226972635057e-4;0.03492782798578377;0.12590655962637132;0
2021;25;DEM;DEMOCRATAS;MP;2020;DEM;0.46109630884284314;0.03666857273912144;0.9655925178012802;0
2021;27;DC;DEMOCRACIA CRISTÃ;"AVERAGE PTB + PL/PR (14;22)";2020;NA;0.5083403713320298;0.037699782192861686;1.032380794432982;1
2021;28;PRTB;PARTIDO RENOVADOR TRABALHISTA BRASILEIRO;"AVERAGE PTB + PL/PR (14;22)";2020;NA;0.5083403713320298;0.037699782192861686;1.032380794432982;1
2021;29;PCO;PARTIDO DA CAUSA OPERÁRIA;HL;2020;NA;-0.8938057899375446;0.04330719147347121;-1.4769812276664471;1
2021;30;NOVO;PARTIDO NOVO;MP;2020;NOVO;0.7499107220634261;0.04143010093266602;1.5137895171662703;0
2021;33;PMN;PARTIDO DA MOBILIZAÇÃO NACIONAL;"AVERAGE PTB + PL/PR (14;22)";2020;NA;0.5083403713320298;0.037699782192861686;1.032380794432982;1
2021;35;PMB;PARTIDO DA MULHER BRASILEIRA;"AVERAGE PTB + PL/PR (14;22)";2020;NA;0.5083403713320298;0.037699782192861686;1.032380794432982;1
2021;36;PTC;PARTIDO TRABALHISTA CRISTÃO;"AVERAGE PTB + PL/PR (14;22)";2020;NA;0.5083403713320298;0.037699782192861686;1.032380794432982;1
2021;40;PSB;PARTIDO SOCIALISTA BRASILEIRO;MP;2020;PSB;-0.4275493037251859;0.0370817475270337;-0.6265989868737076;0
2021;43;PV;PARTIDO VERDE;"AVERAGE PDT + PSB (12;40)";2020;NA;-0.3906870304043897;0.03668479516518525;-0.566379320193916;1
2021;44;UNIÃO;UNIÃO BRASIL;MP [2025];2020;UB;0.3638644842463156;0.0360515389207497;0.8354337473362077;0
2021;45;PSDB;PARTIDO DA SOCIAL DEMOCRACIA BRASILEIRA;MP;2020;PSDB;0.1791663820880437;0.03515862994842673;0.43621427785840783;0
2021;50;PSOL;PARTIDO SOCIALISMO E LIBERDADE;MP;2020;PSOL;-0.8938057899375446;0.04330719147347121;-1.4769812276664471;0
2021;51;PATRIOTA;PATRIOTA;HR;2020;NA;0.8432905909014132;0.04258106719560296;1.6908046500609664;1
2021;55;PSD;PARTIDO SOCIAL DEMOCRÁTICO;MP;2020;PSD;0.3215032347089514;0.03532277323711327;0.6852042977606112;0
2021;65;PC do B;PARTIDO COMUNISTA DO BRASIL;MP;2020;PCDOB;-0.8768391379964656;0.10349526281479496;-1.353318682063429;0
2021;70;AVANTE;AVANTE;"AVERAGE PTB + PL/PR (14;22)";2020;NA;0.5083403713320298;0.037699782192861686;1.032380794432982;1
2021;77;SOLIDARIEDADE;SOLIDARIEDADE;MP;2020;SD;0.22182981483911723;0.06263269171665074;0.496442580691586;0
2021;80;UP;UNIDADE POPULAR;HL;2020;NA;-0.8938057899375446;0.04330719147347121;-1.4769812276664471;1
2021;90;PROS;PARTIDO REPUBLICANO DA ORDEM SOCIAL;MP;2020;PROS;0.0393441872140402;0.09800389847749004;0.00622316476711198;0
2021;10;REPUBLICANOS;REPUBLICANOS;MP;2022;REP;0.5864131564142074;0.03843031929690949;1.1858128518632798;0
2021;11;PP;PROGRESSISTAS;MP;2022;PP;0.5447890228000977;0.03778623640449617;1.103628827332248;0
2021;12;PDT;PARTIDO DEMOCRÁTICO TRABALHISTA;MP;2022;PDT;-0.3538247570835934;0.03628784280333679;-0.5061596535141243;0
2021;13;PT;PARTIDO DOS TRABALHADORES;MP;2022;PT;-0.6983765437546892;0.04019397442850458;-1.1396805226506754;0
2021;14;PTB;PARTIDO TRABALHISTA BRASILEIRO;MP;2022;PTB;0.4886842529504632;0.03699447769341493;0.9929405079449276;0
2021;15;MDB;MOVIMENTO DEMOCRÁTICO BRASILEIRO;MP;2022;MDB;0.1549852984548097;0.03494721150157128;0.40445498088808496;0
2021;16;PSTU;PARTIDO SOCIALISTA DOS TRABALHADORES UNIFICADO;HL;2022;NA;-0.8938057899375446;0.04330719147347121;-1.4769812276664471;1
2021;18;REDE;REDE SUSTENTABILIDADE;"AVERAGE PDT + PSB (12;40)";2022;NA;-0.3906870304043897;0.03668479516518525;-0.566379320193916;1
2021;19;PODE;PODEMOS;MP;2022;PODE;0.4112522994126804;0.03615839240186525;0.8566786410810205;0
2021;20;PSC;PARTIDO SOCIAL CRISTÃO;MP;2022;PSC;0.6304261440658337;0.0714057351359761;1.1594059812751605;0
2021;21;PCB;PARTIDO COMUNISTA BRASILEIRO;HL;2022;NA;-0.8938057899375446;0.04330719147347121;-1.4769812276664471;1
2021;22;PL;PARTIDO LIBERAL;MP;2022;PL;0.5279964897135964;0.03840508669230845;1.0718210809210362;0
2021;23;CIDADANIA;CIDADANIA;MP;2022;CID;-7.353226972635057e-4;0.03492782798578377;0.12590655962637132;0
2021;27;DC;DEMOCRACIA CRISTÃ;"AVERAGE PTB + PL/PR (14;22)";2022;NA;0.5083403713320298;0.037699782192861686;1.032380794432982;1
2021;28;PRTB;PARTIDO RENOVADOR TRABALHISTA BRASILEIRO;"AVERAGE PTB + PL/PR (14;22)";2022;NA;0.5083403713320298;0.037699782192861686;1.032380794432982;1
2021;29;PCO;PARTIDO DA CAUSA OPERÁRIA;HL;2022;NA;-0.8938057899375446;0.04330719147347121;-1.4769812276664471;1
2021;30;NOVO;PARTIDO NOVO;MP;2022;NOVO;0.7499107220634261;0.04143010093266602;1.5137895171662703;0
2021;33;PMN;PARTIDO DA MOBILIZAÇÃO NACIONAL;"AVERAGE PTB + PL/PR (14;22)";2022;NA;0.5083403713320298;0.037699782192861686;1.032380794432982;1
2021;35;PMB;PARTIDO DA MULHER BRASILEIRA;"AVERAGE PTB + PL/PR (14;22)";2022;NA;0.5083403713320298;0.037699782192861686;1.032380794432982;1
2021;36;AGIR;AGIR;"AVERAGE PTB + PL/PR (14;22)";2022;NA;0.5083403713320298;0.037699782192861686;1.032380794432982;1
2021;40;PSB;PARTIDO SOCIALISTA BRASILEIRO;MP;2022;PSB;-0.4275493037251859;0.0370817475270337;-0.6265989868737076;0
2021;43;PV;PARTIDO VERDE;"AVERAGE PDT + PSB (12;40)";2022;NA;-0.3906870304043897;0.03668479516518525;-0.566379320193916;1
2021;44;UNIÃO;UNIÃO BRASIL;MP [2025];2022;UB;0.3638644842463156;0.0360515389207497;0.8354337473362077;0
2021;45;PSDB;PARTIDO DA SOCIAL DEMOCRACIA BRASILEIRA;MP;2022;PSDB;0.1791663820880437;0.03515862994842673;0.43621427785840783;0
2021;50;PSOL;PARTIDO SOCIALISMO E LIBERDADE;MP;2022;PSOL;-0.8938057899375446;0.04330719147347121;-1.4769812276664471;0
2021;51;PATRIOTA;PATRIOTA;HR;2022;NA;0.7499107220634261;0.04143010093266602;1.5137895171662703;1
2021;55;PSD;PARTIDO SOCIAL DEMOCRÁTICO;MP;2022;PSD;0.3215032347089514;0.03532277323711327;0.6852042977606112;0
2021;65;PC do B;PARTIDO COMUNISTA DO BRASIL;MP;2022;PCDOB;-0.8768391379964656;0.10349526281479496;-1.353318682063429;0
2021;70;AVANTE;AVANTE;"AVERAGE PTB + PL/PR (14;22)";2022;NA;0.5083403713320298;0.037699782192861686;1.032380794432982;1
2021;77;SOLIDARIEDADE;SOLIDARIEDADE;MP;2022;SD;0.22182981483911723;0.06263269171665074;0.496442580691586;0
2021;80;UP;UNIDADE POPULAR;HL;2022;NA;-0.8938057899375446;0.04330719147347121;-1.4769812276664471;1
2021;90;PROS;PARTIDO REPUBLICANO DA ORDEM SOCIAL;MP;2022;PROS;0.0393441872140402;0.09800389847749004;0.00622316476711198;0
2025;10;REPUBLICANOS;REPUBLICANOS;MP;2024;REP;0.429947078823328;0.03571662674322577;0.9538907832824726;0
2025;11;PP;PROGRESSISTAS;MP;2024;PP;0.4397594911543079;0.03635303197827223;0.9670706451706492;0
2025;12;PDT;PARTIDO DEMOCRÁTICO TRABALHISTA;MP;2024;PDT;-0.4672239899031618;0.03586876835839973;-0.6563530597853882;0
2025;13;PT;PARTIDO DOS TRABALHADORES;MP;2024;PT;-0.7431078509341478;0.03909306221040565;-1.1638551510465756;0
2025;15;MDB;MOVIMENTO DEMOCRÁTICO BRASILEIRO;MP;2024;MDB;0.02331035920622087;0.03287399295600335;0.22063584308213616;0
2025;16;PSTU;PARTIDO SOCIALISTA DOS TRABALHADORES UNIFICADO;HL;2024;NA;-0.9529037571833344;0.04264478264601436;-1.5666597890560132;1
2025;18;REDE;REDE SUSTENTABILIDADE;"AVERAGE PDT + PSB (12;40)";2024;NA;-0.4741343561223248;0.035736285735079074;-0.6697662794537889;1
2025;20;PSC;PARTIDO SOCIAL CRISTÃO;MP [2021];2024;PSC;0.6304261440658337;0.0714057351359761;1.1594059812751605;0
2025;21;PCB;PARTIDO COMUNISTA BRASILEIRO;HL;2024;NA;-0.9529037571833344;0.04264478264601436;-1.5666597890560132;1
2025;22;PL;PARTIDO LIBERAL;MP;2024;PL;0.9147286826485822;0.04367143811568499;1.8753361411717595;0
2025;23;CIDADANIA;CIDADANIA;MP;2024;CID;-0.0029104058970686;0.03330440320470624;0.15860912001603003;0
2025;25;PRD;PARTIDO RENOVAÇÃO DEMOCRÁTICA;HR;2024;NA;0.9147286826485822;0.04367143811568499;1.8753361411717595;1
2025;27;DC;DEMOCRACIA CRISTÃ;"AVERAGE PTB + PL/PR (14;22)";2024;NA;0.9147286826485822;0.04367143811568499;1.8753361411717595;1
2025;28;PRTB;PARTIDO RENOVADOR TRABALHISTA BRASILEIRO;"AVERAGE PTB + PL/PR (14;22)";2024;NA;0.9147286826485822;0.04367143811568499;1.8753361411717595;1
2025;29;PCO;PARTIDO DA CAUSA OPERÁRIA;HL;2024;NA;-0.9529037571833344;0.04264478264601436;-1.5666597890560132;1
2025;30;NOVO;PARTIDO NOVO;MP;2024;NOVO;0.8741608055438608;0.04194153925328577;1.7985026824904813;0
2025;33;MOBILIZA;MOBILIZAÇÃO NACIONAL;"AVERAGE PTB + PL/PR (14;22)";2024;NA;0.9147286826485822;0.04367143811568499;1.8753361411717595;1
2025;35;PMB;PARTIDO DA MULHER BRASILEIRA;"AVERAGE PTB + PL/PR (14;22)";2024;NA;0.9147286826485822;0.04367143811568499;1.8753361411717595;1
2025;36;AGIR;AGIR;"AVERAGE PTB + PL/PR (14;22)";2024;NA;0.9147286826485822;0.04367143811568499;1.8753361411717595;1
2025;40;PSB;PARTIDO SOCIALISTA BRASILEIRO;MP;2024;PSB;-0.48104472234148776;0.03560380311175841;-0.6831794991221894;0
2025;43;PV;PARTIDO VERDE;"AVERAGE PDT + PSB (12;40)";2024;NA;-0.4741343561223248;0.035736285735079074;-0.6697662794537889;1
2025;44;UNIÃO;UNIÃO BRASIL;MP;2024;UB;0.3638644842463156;0.0360515389207497;0.8354337473362077;0
2025;45;PSDB;PARTIDO DA SOCIAL DEMOCRACIA BRASILEIRA;MP;2024;PSDB;0.09167712391224836;0.03373110988060275;0.339941869505565;0
2025;50;PSOL;PARTIDO SOCIALISMO E LIBERDADE;MP;2024;PSOL;-0.9529037571833344;0.04264478264601436;-1.5666597890560132;0
2025;55;PSD;PARTIDO SOCIAL DEMOCRÁTICO;MP;2024;PSD;0.13901717315513373;0.03417193890257428;0.4391114288388352;0
2025;65;PC do B;PARTIDO COMUNISTA DO BRASIL;MP;2024;PCDOB;-0.8697479264130833;0.04148791264066466;-1.4066318573930694;0
2025;70;AVANTE;AVANTE;MP;2024;AVANTE;0.09940610966916436;0.0340776063154856;0.3449161769296218;0
2025;77;SOLIDARIEDADE;SOLIDARIEDADE;MP;2024;SD;-0.0230143739151242;0.03380198345998233;0.135195669658076;0
2025;80;UP;UNIDADE POPULAR;HL;2024;NA;-0.9529037571833344;0.04264478264601436;-1.5666597890560132;1
